SampleID	BarcodeSequence	LinkerPrimerSequence	BarcodeName	ReversePrimer	ProjectName	Description	sample_nr	sample_or_control	treatment	timepoint	DNA_Concentration	sample_volume_ml	na_type	replicate	experiment_type 	cells_per_ml
ABOR.S006	TCCGGCCG	GTGYCAGCMGCCGCGGTAA	illCus515bar1	CCGYCAATTYMTTTRAGTTT	081524PVlee926R	ABOR.S006	S006	sample	ctrl	0	0.27	200	dna	1	lab 	412.1766467
ABOR.S015	TCCGGTAA	GTGYCAGCMGCCGCGGTAA	illCus515bar2	CCGYCAATTYMTTTRAGTTT	081524PVlee926R	ABOR.S015	S015	sample	ctrl	72	0.42	50	dna	1	lab 	2759.246307
ABOR.S017	TCCGTCGG	GTGYCAGCMGCCGCGGTAA	illCus515bar3	CCGYCAATTYMTTTRAGTTT	081524PVlee926R	ABOR.S017	S017	sample	glucose	72	2.7	50	dna	1	lab 	8728.143713
ABOR.S019	TCCGTCTT	GTGYCAGCMGCCGCGGTAA	illCus515bar4	CCGYCAATTYMTTTRAGTTT	081524PVlee926R	ABOR.S019	S019	sample	acetate	72	8.1	50	dna	1	lab 	17111.582835
ABOR.S021	TCCGTGCG	GTGYCAGCMGCCGCGGTAA	illCus515bar5	CCGYCAATTYMTTTRAGTTT	081524PVlee926R	ABOR.S021	S021	sample	fulvic_acid	72	1.5	50	dna	1	lab 	5257.684631
ABOR.S023	TCCGTGCT	GTGYCAGCMGCCGCGGTAA	illCus515bar6	CCGYCAATTYMTTTRAGTTT	081524PVlee926R	ABOR.S023	S023	sample	phosphate	72	1.66	50	dna	1	lab 	5582.035928
ABOR.blank1	TCCTCCCT	GTGYCAGCMGCCGCGGTAA	illCus515bar10	CCGYCAATTYMTTTRAGTTT	081524PVlee926R	ABOR.blank1	blank1	blank	blank	NA	0.00001	NA	NA	1	NA	NA
ABOR.S034	TCCTCGTA	GTGYCAGCMGCCGCGGTAA	illCus515bar11	CCGYCAATTYMTTTRAGTTT	081524PVlee926R	ABOR.S034	S034	sample	ctrl	0	0.603	300	dna	2	lab 	284.7
ABOR.blank3	TCCTCGTG	GTGYCAGCMGCCGCGGTAA	illCus515bar12	CCGYCAATTYMTTTRAGTTT	081524PVlee926R	ABOR.blank3	blank3	blank	blank	NA	0.00001	NA	NA	2	NA	NA
ABOR.S039	TCCTGGCA	GTGYCAGCMGCCGCGGTAA	illCus515bar13	CCGYCAATTYMTTTRAGTTT	081524PVlee926R	ABOR.S039	S039	sample	ctrl	72	0.382	50	dna	2	lab 	2888.351297
ABOR.S041	TCCTGTAC	GTGYCAGCMGCCGCGGTAA	illCus515bar14	CCGYCAATTYMTTTRAGTTT	081524PVlee926R	ABOR.S041	S041	sample	glucose	72	1.76	50	dna	2	lab 	6135.329342
ABOR.S043	TCCTTCCA	GTGYCAGCMGCCGCGGTAA	illCus515bar15	CCGYCAATTYMTTTRAGTTT	081524PVlee926R	ABOR.S043	S043	sample	acetate	72	0.495	50	dna	2	lab 	2465.088446
ABOR.S045	TCCTTCTT	GTGYCAGCMGCCGCGGTAA	illCus515bar16	CCGYCAATTYMTTTRAGTTT	081524PVlee926R	ABOR.S045	S045	sample	fulvic_acid	72	0.625	50	dna	2	lab 	3476.583234
ABOR.S047	TCCTTGGT	GTGYCAGCMGCCGCGGTAA	illCus515bar17	CCGYCAATTYMTTTRAGTTT	081524PVlee926R	ABOR.S047	S047	sample	phosphate	72	0.127	50	dna	2	lab 	1567.6852235
ABOR.S058	TCGAATCC	GTGYCAGCMGCCGCGGTAA	illCus515bar21	CCGYCAATTYMTTTRAGTTT	081524PVlee926R	ABOR.S058	S058	mock	mock	NA	0.6	NA	NA	1	NA	NA
ABOR.S094	TCCTTGGT	GTGYCAGCMGCCGCGGTAA	illCus515bar17	CCGYCAATTYMTTTRAGTTT	091924PVlee926R	ABOR.S094	S094	mock	mock	NA	0.6	NA	dna	2	NA	NA
