"BarcodeSequence","LinkerPrimerSequence","BarcodeName","ReversePrimer","ProjectName","Description","sample_nr","sample_or_control","treatment","timepoint","DNA_Concentration","sample_volume_ml","na_type","replicate","experiment_type","cells_per_ml","read_count","sampleid","is.neg","Observed","Chao1","se.chao1","Shannon","Simpson"
"TCCGGCCG","GTGYCAGCMGCCGCGGTAA","illCus515bar1","CCGYCAATTYMTTTRAGTTT","081524PVlee926R","ABOR.S006","S006","sample","ctrl",0,0.27,200,"dna",1,"lab ",412.1766467,287768,"ABOR.S006",FALSE,280,280,0,3.78,0.95
"TCCGGTAA","GTGYCAGCMGCCGCGGTAA","illCus515bar2","CCGYCAATTYMTTTRAGTTT","081524PVlee926R","ABOR.S015","S015","sample","ctrl",72,0.42,50,"dna",1,"lab ",2759.246307,302013,"ABOR.S015",FALSE,119,119,0,0.84,0.27
"TCCGTCGG","GTGYCAGCMGCCGCGGTAA","illCus515bar3","CCGYCAATTYMTTTRAGTTT","081524PVlee926R","ABOR.S017","S017","sample","glucose",72,2.7,50,"dna",1,"lab ",8728.143713,344938,"ABOR.S017",FALSE,99,99,0,0.84,0.5
"TCCGTCTT","GTGYCAGCMGCCGCGGTAA","illCus515bar4","CCGYCAATTYMTTTRAGTTT","081524PVlee926R","ABOR.S019","S019","sample","acetate",72,8.1,50,"dna",1,"lab ",17111.582835,356061,"ABOR.S019",FALSE,85,85,0,1.06,0.59
"TCCGTGCG","GTGYCAGCMGCCGCGGTAA","illCus515bar5","CCGYCAATTYMTTTRAGTTT","081524PVlee926R","ABOR.S021","S021","sample","fulvic_acid",72,1.5,50,"dna",1,"lab ",5257.684631,281611,"ABOR.S021",FALSE,93,93,0,0.96,0.53
"TCCGTGCT","GTGYCAGCMGCCGCGGTAA","illCus515bar6","CCGYCAATTYMTTTRAGTTT","081524PVlee926R","ABOR.S023","S023","sample","phosphate",72,1.66,50,"dna",1,"lab ",5582.035928,344417,"ABOR.S023",FALSE,96,96,0,0.32,0.09
"TCCTCGTA","GTGYCAGCMGCCGCGGTAA","illCus515bar11","CCGYCAATTYMTTTRAGTTT","081524PVlee926R","ABOR.S034","S034","sample","ctrl",0,0.603,300,"dna",2,"lab ",284.7,260115,"ABOR.S034",FALSE,259,259,0,3.81,0.95
"TCCTGGCA","GTGYCAGCMGCCGCGGTAA","illCus515bar13","CCGYCAATTYMTTTRAGTTT","081524PVlee926R","ABOR.S039","S039","sample","ctrl",72,0.382,50,"dna",2,"lab ",2888.351297,316474,"ABOR.S039",FALSE,143,143,0,1.07,0.33
"TCCTGTAC","GTGYCAGCMGCCGCGGTAA","illCus515bar14","CCGYCAATTYMTTTRAGTTT","081524PVlee926R","ABOR.S041","S041","sample","glucose",72,1.76,50,"dna",2,"lab ",6135.329342,263956,"ABOR.S041",FALSE,93,93,0,0.72,0.32
"TCCTTCCA","GTGYCAGCMGCCGCGGTAA","illCus515bar15","CCGYCAATTYMTTTRAGTTT","081524PVlee926R","ABOR.S043","S043","sample","acetate",72,0.495,50,"dna",2,"lab ",2465.088446,296783,"ABOR.S043",FALSE,151,151,0,1.06,0.53
"TCCTTCTT","GTGYCAGCMGCCGCGGTAA","illCus515bar16","CCGYCAATTYMTTTRAGTTT","081524PVlee926R","ABOR.S045","S045","sample","fulvic_acid",72,0.625,50,"dna",2,"lab ",3476.583234,296641,"ABOR.S045",FALSE,152,152,0,1.28,0.59
"TCCTTGGT","GTGYCAGCMGCCGCGGTAA","illCus515bar17","CCGYCAATTYMTTTRAGTTT","081524PVlee926R","ABOR.S047","S047","sample","phosphate",72,0.127,50,"dna",2,"lab ",1567.6852235,363730,"ABOR.S047",FALSE,188,188,0,1.54,0.58
