SampleID	BarcodeSequence	LinkerPrimerSequence	BarcodeName	ReversePrimer	ProjectName	sample_or_control	DNA_Concentration	na_type	exp_id	sample_type	dna_type	regrowth_day	pma	sq_calc_mean
ELLY27.29	TCCTTCCA	GTGYCAGCMGCCGCGGTAA	illCus515bar15	CCGYCAATTYMTTTRAGTTT	061324PV1lee926R	sample	6	dna	exp_2	effluent	idna	0	pma	20522496.45
ELLY31.33	TCCTTGGT	GTGYCAGCMGCCGCGGTAA	illCus515bar17	CCGYCAATTYMTTTRAGTTT	061324PV1lee926R	sample	6	dna	exp_2	ozonated	idna	0	pma	9993733.075
ELLY36.38	TCGAAGAG	GTGYCAGCMGCCGCGGTAA	illCus515bar20	CCGYCAATTYMTTTRAGTTT	061324PV1lee926R	sample	6	dna	exp_2	effluent	idna	3	pma	15368914.47
ELLY40.42	TCGACAAC	GTGYCAGCMGCCGCGGTAA	illCus515bar22	CCGYCAATTYMTTTRAGTTT	061324PV1lee926R	sample	6	dna	exp_2	ozonated	idna	3	pma	15102704.22
ELLY52.54	TCGAGCGA	GTGYCAGCMGCCGCGGTAA	illCus515bar28	CCGYCAATTYMTTTRAGTTT	061324PV1lee926R	sample	6	dna	exp_3	effluent	idna	0	pma	7633512.594
ELLY56.58	TGGTAACC	GTGYCAGCMGCCGCGGTAA	illCus515bar30	CCGYCAATTYMTTTRAGTTT	061324PV1lee926R	sample	6	dna	exp_3	ozonated	idna	0	pma	1483074.97
ELLY61.63	TGGTAGTC	GTGYCAGCMGCCGCGGTAA	illCus515bar33	CCGYCAATTYMTTTRAGTTT	061324PV1lee926R	sample	6	dna	exp_3	effluent	idna	3	pma	7640881.033
ELLY65.67	TGGTATTG	GTGYCAGCMGCCGCGGTAA	illCus515bar35	CCGYCAATTYMTTTRAGTTT	061324PV1lee926R	sample	6	dna	exp_3	ozonated	idna	3	pma	31789946.26
ELLY09	TCCGTGCG	GTGYCAGCMGCCGCGGTAA	illCus515bar5	CCGYCAATTYMTTTRAGTTT	061324PV1lee926R	blank	0.00001	NA	NA	NA	NA	NA	NA	NA
ELLY34	TCGAAAGG	GTGYCAGCMGCCGCGGTAA	illCus515bar18	CCGYCAATTYMTTTRAGTTT	061324PV1lee926R	blank	2.43	NA	NA	NA	NA	NA	NA	NA
ELLY59	TGGTACAA	GTGYCAGCMGCCGCGGTAA	illCus515bar31	CCGYCAATTYMTTTRAGTTT	061324PV1lee926R	blank	0.00001	NA	NA	NA	NA	NA	NA	NA
ELLY76	TGGTGATC	GTGYCAGCMGCCGCGGTAA	illCus515bar40	CCGYCAATTYMTTTRAGTTT	061324PV1lee926R	mock	6	NA	NA	NA	NA	NA	NA	NA
